{
    "comments": {
        // symbol used for single line comment. Remove this entry if your language does not support line comments
        "lineComment": "//"
    },
    // symbols used as brackets
    "brackets": [
        ["$", "$"],
        ["$,", "end"],
        ["which will", "end"],
        ["create a delay", "finish"],
        ["create a function", "end"],
        ["use package $", "$"],
    ],
    // symbols that are auto closed when typing
    "autoClosingPairs": [
        ["$", "$"],
        ["$,", "end"],
        ["which will", "end"],
        ["create a delay", "finish"],
        ["create a function", "end"],
        ["use package $", "$"],
        [""]
    ],
    // symbols that can be used to surround a selection
    "surroundingPairs": [
        ["$", "$"],
        ["$,", "end"],
        ["which will", "end"],
        ["create a delay", "finish"],
        ["create a function", "end"],
        ["use package $", "$"],
        ["\"", "\""],
        ["'", "'"]
    ]
}