{
  "fileTypes": [
    "robin"
  ],
  "name": "robin",
  "patterns": [
    {
      "include": "#main"
    }
  ],
  "scopeName": "source.robin",
  "repository": {
    "main": {
      "patterns": [
        {
          "match": "(to the console|create a function|with values of|which will|which takes|set|to|print|if|otherwise,)",
          "name": "keyword.robin"
        },
        {
          "match": "([0-9])",
          "name": "constant.numeric.robin"
        },
        {
          "match": "(\\/\\/.*)",
          "name": "comment.robin"
        },
        {
          "match": "('.*?'|\".*?\")",
          "name": "text.robin"
        },
        {
          "match": "(is greater than|is greater than or equal to|is lesser than or equal to|is equal to)",
          "name": "operator.robin"
        },
        {
          "match": "(\\$|\\+|\\-|\\=|,|end|and|\\$,|to|finish)",
          "name": "punctuation.robin"
        },
        {
          "match": "(the time right now|use package $|the period right now|the second right now|the minute right now|the date right now|the day right now|the year right now|the name of the month right now|the number of the month right now)",
          "name": "function.robin"
        },
        {
          "match": "([a-zA-Z])",
          "name": "variable.robin"
        }
      ]
    }
  }
}